{
    "__comment": "Made with TheDestruc7i0n's advancements generator: https://advancements.thedestruc7i0n.ca",
    "display": {
        "title": {
            "text": "Beef with you",
            "color": "green"
        },
        "description": {
            "text": "Punch a mate in the face"
        },
        "icon": {
            "item": "minecraft:cooked_beef"
        },
        "frame": "task",
        "show_toast": true,
        "announce_to_chat": true,
        "hidden": false
    },
    "criteria": {
        "beef": {
            "trigger": "minecraft:player_hurt_entity",
            "conditions": {
                "entity": {
                    "type": "minecraft:player"
                },
                "damage": {
                    "dealt": {
                        "min": 1,
                        "max": 1
                    }
                }
            }
        }
    },
    "parent": "adventure:root"
}