{
    "__comment": "Made with TheDestruc7i0n's advancements generator: https://advancements.thedestruc7i0n.ca",
    "display": {
        "title": {
            "text": "Without a bruise",
            "color": "dark_purple"
        },
        "description": {
            "text": "Win in a pvp battle with a mate"
        },
        "icon": {
            "item": "minecraft:stone_axe"
        },
        "frame": "challenge",
        "show_toast": true,
        "announce_to_chat": true,
        "hidden": false
    },
    "criteria": {
        "pvp": {
            "trigger": "minecraft:player_killed_entity",
            "conditions": {
                "entity": {
                    "type": "minecraft:player"
                }
            }
        }
    },
    "parent": "adventure:adv1"
}