{
    "__comment": "Made with TheDestruc7i0n's advancements generator: https://advancements.thedestruc7i0n.ca",
    "display": {
        "title": {
            "text": " New Brawling Hawkeye"
        },
        "description": {
            "text": "Win in a bow fight"
        },
        "icon": {
            "item": "minecraft:bow"
        },
        "frame": "challenge",
        "show_toast": true,
        "announce_to_chat": true,
        "hidden": false
    },
    "criteria": {
        "bow": {
            "trigger": "minecraft:player_killed_entity",
            "conditions": {
                "entity": {
                    "type": "minecraft:player",
                    "equipment": {
                        "mainhand": {
                            "item": "minecraft:bow"
                        }
                    }
                },
                "killing_blow": {
                    "is_projectile": true,
                    "direct_entity": {
                        "type": "minecraft:player",
                        "equipment": {
                            "mainhand": {
                                "item": "minecraft:bow"
                            }
                        }
                    }
                }
            }
        }
    },
    "parent": "adventure:adv3"
}