{
    "__comment": "Made with TheDestruc7i0n's advancements generator: https://advancements.thedestruc7i0n.ca",
    "display": {
        "title": {
            "text": "Just a flesh wound"
        },
        "description": {
            "text": "Lose a pvp fight"
        },
        "icon": {
            "item": "minecraft:golden_axe"
        },
        "frame": "goal",
        "show_toast": true,
        "announce_to_chat": true,
        "hidden": false
    },
    "criteria": {
        "pvp2": {
            "trigger": "minecraft:entity_killed_player",
            "conditions": {
                "entity": {
                    "type": "minecraft:player"
                }
            }
        }
    },
    "parent": "adventure:adv1"
}