{
    "__comment": "Made with TheDestruc7i0n's advancements generator: https://advancements.thedestruc7i0n.ca",
    "display": {
        "title": {
            "text": "Battle scars"
        },
        "description": {
            "text": "Lose a pvp fight with an op player"
        },
        "icon": {
            "item": "minecraft:netherite_helmet"
        },
        "frame": "goal",
        "show_toast": true,
        "announce_to_chat": true,
        "hidden": false
    },
    "criteria": {
        "pvp3918": {
            "trigger": "minecraft:entity_killed_player",
            "conditions": {
                "entity": {
                    "type": "minecraft:player",
                    "flags": {
                        "is_on_fire": false
                    },
                    "equipment": {
                        "mainhand": {
                            "item": "minecraft:netherite_sword"
                        }
                    }
                },
                "killing_blow": {
                    "is_fire": false,
                    "direct_entity": {
                        "type": "minecraft:player",
                        "equipment": {
                            "mainhand": {
                                "item": "minecraft:netherite_sword"
                            }
                        }
                    }
                }
            }
        }
    },
    "parent": "adventure:adv7"
}